Package,Class,Method Name
org/apache/commons/math3/optim/nonlinear/scalar/gradient,org/apache/commons/math3/optim/nonlinear/scalar/gradient/NonLinearConjugateGradientOptimizer$BracketingStep,getBracketingStep
org/apache/commons/math3/optimization/univariate,org/apache/commons/math3/optimization/univariate/BracketFinder,getMaxEvaluations
org/apache/commons/math3/optimization/univariate,org/apache/commons/math3/optimization/univariate/BracketFinder,getEvaluations
org/apache/commons/math3/optimization/univariate,org/apache/commons/math3/optimization/univariate/BracketFinder,getFLo
org/apache/commons/math3/optimization/univariate,org/apache/commons/math3/optimization/univariate/BracketFinder,getFHi
org/apache/commons/math3/optimization/univariate,org/apache/commons/math3/optimization/univariate/BracketFinder,getFMid
org/apache/commons/math3/optimization/univariate,org/apache/commons/math3/optimization/univariate/UnivariateMultiStartOptimizer,getConvergenceChecker
org/apache/commons/math3/optimization/univariate,org/apache/commons/math3/optimization/univariate/UnivariateMultiStartOptimizer,getMaxEvaluations
org/apache/commons/math3/stat/regression,org/apache/commons/math3/stat/regression/GLSMultipleLinearRegression,calculateErrorVariance
org/apache/commons/math3/stat/regression,org/apache/commons/math3/stat/regression/SimpleRegression,addObservations
org/apache/commons/math3/stat/regression,org/apache/commons/math3/stat/regression/SimpleRegression,hasIntercept
org/apache/commons/math3/stat/regression,org/apache/commons/math3/stat/regression/MillerUpdatingRegression,getOrderOfRegressors
org/apache/commons/math3/stat/regression,org/apache/commons/math3/stat/regression/AbstractMultipleLinearRegression,estimateRegressandVariance
org/apache/commons/math3/stat/regression,org/apache/commons/math3/stat/regression/RegressionResults,getNumberOfParameters
org/apache/commons/math3/stat/regression,org/apache/commons/math3/stat/regression/RegressionResults,getTotalSumSquares
org/apache/commons/math3/stat/regression,org/apache/commons/math3/stat/regression/RegressionResults,hasIntercept
org/apache/commons/math3/geometry/euclidean/oned,org/apache/commons/math3/geometry/euclidean/oned/Vector1D,dotProduct
org/apache/commons/math3/geometry/euclidean/oned,org/apache/commons/math3/geometry/euclidean/oned/Interval,getLower
org/apache/commons/math3/geometry/euclidean/oned,org/apache/commons/math3/geometry/euclidean/oned/Interval,getUpper
org/apache/commons/math3/geometry/euclidean/oned,org/apache/commons/math3/geometry/euclidean/oned/Interval,getLength
org/apache/commons/math3/geometry/euclidean/oned,org/apache/commons/math3/geometry/euclidean/oned/Interval,getMidPoint
org/apache/commons/math3/geometry/euclidean/oned,org/apache/commons/math3/geometry/euclidean/oned/SubOrientedPoint,getSize
org/apache/commons/math3/geometry/euclidean/oned,org/apache/commons/math3/geometry/euclidean/oned/IntervalsSet$SubIntervalsIterator,remove
org/apache/commons/math3/geometry/euclidean/oned,org/apache/commons/math3/geometry/euclidean/oned/OrientedPoint,getOffset
org/apache/commons/math3/geometry/euclidean/oned,org/apache/commons/math3/geometry/euclidean/oned/OrientedPoint,wholeSpace
org/apache/commons/math3/geometry/euclidean/oned,org/apache/commons/math3/geometry/euclidean/oned/OrientedPoint,project
org/apache/commons/math3/geometry/euclidean/oned,org/apache/commons/math3/geometry/euclidean/oned/OrientedPoint,getTolerance
org/apache/commons/math3/geometry/euclidean/oned,org/apache/commons/math3/geometry/euclidean/oned/OrientedPoint,revertSelf
org/apache/commons/math3/optimization/linear,org/apache/commons/math3/optimization/linear/LinearConstraint,hashCode
org/apache/commons/math3/optimization/linear,org/apache/commons/math3/optimization/linear/SimplexTableau,setEntry
org/apache/commons/math3/optimization/linear,org/apache/commons/math3/optimization/linear/SimplexTableau,getNumDecisionVariables
org/apache/commons/math3/optimization/linear,org/apache/commons/math3/optimization/linear/SimplexTableau,hashCode
org/apache/commons/math3/optimization/linear,org/apache/commons/math3/optimization/linear/Relationship,toString
org/apache/commons/math3/optimization/linear,org/apache/commons/math3/optimization/linear/LinearObjectiveFunction,getValue
org/apache/commons/math3/optimization/linear,org/apache/commons/math3/optimization/linear/LinearObjectiveFunction,hashCode
org/apache/commons/math3/util,org/apache/commons/math3/util/Incrementor$2,setMaximalCount
org/apache/commons/math3/util,org/apache/commons/math3/util/Incrementor$2,resetCount
org/apache/commons/math3/util,org/apache/commons/math3/util/Incrementor$2,incrementCount
org/apache/commons/math3/util,org/apache/commons/math3/util/Combinations$SingletonIterator,remove
org/apache/commons/math3/util,org/apache/commons/math3/util/CentralPivotingStrategy,pivotIndex
org/apache/commons/math3/util,org/apache/commons/math3/util/BigRealField,getRuntimeClass
org/apache/commons/math3/util,org/apache/commons/math3/util/FastMath,incrementExact
org/apache/commons/math3/util,org/apache/commons/math3/util/FastMath,decrementExact
org/apache/commons/math3/util,org/apache/commons/math3/util/FastMath,main
org/apache/commons/math3/util,org/apache/commons/math3/util/MultidimensionalCounter$Iterator,getCount
org/apache/commons/math3/util,org/apache/commons/math3/util/MultidimensionalCounter$Iterator,getCounts
org/apache/commons/math3/util,org/apache/commons/math3/util/MultidimensionalCounter$Iterator,remove
org/apache/commons/math3/util,org/apache/commons/math3/util/MathArrays,equals
org/apache/commons/math3/util,org/apache/commons/math3/util/MathArrays,equalsIncludingNaN
org/apache/commons/math3/util,org/apache/commons/math3/util/MathArrays,shuffle
org/apache/commons/math3/util,org/apache/commons/math3/util/MathArrays,shuffle
org/apache/commons/math3/util,org/apache/commons/math3/util/MathArrays,verifyValues
org/apache/commons/math3/util,org/apache/commons/math3/util/CombinatoricsUtils,combinationsIterator
org/apache/commons/math3/util,org/apache/commons/math3/util/IterationManager,getMaxIterations
org/apache/commons/math3/util,org/apache/commons/math3/util/IterationManager,removeIterationListener
org/apache/commons/math3/util,org/apache/commons/math3/util/RandomPivotingStrategy,pivotIndex
org/apache/commons/math3/util,org/apache/commons/math3/util/ContinuedFraction,evaluate
org/apache/commons/math3/util,org/apache/commons/math3/util/ContinuedFraction,evaluate
org/apache/commons/math3/util,org/apache/commons/math3/util/MultidimensionalCounter,toString
org/apache/commons/math3/util,org/apache/commons/math3/util/TransformerMap,hashCode
org/apache/commons/math3/util,org/apache/commons/math3/util/Combinations$LexicographicIterator,remove
org/apache/commons/math3/util,org/apache/commons/math3/util/Decimal64,byteValue
org/apache/commons/math3/util,org/apache/commons/math3/util/Decimal64,shortValue
org/apache/commons/math3/util,org/apache/commons/math3/util/Decimal64,intValue
org/apache/commons/math3/util,org/apache/commons/math3/util/Decimal64,longValue
org/apache/commons/math3/util,org/apache/commons/math3/util/Decimal64,floatValue
org/apache/commons/math3/util,org/apache/commons/math3/util/Decimal64,doubleValue
org/apache/commons/math3/util,org/apache/commons/math3/util/Decimal64,compareTo
org/apache/commons/math3/util,org/apache/commons/math3/util/Decimal64,toString
org/apache/commons/math3/util,org/apache/commons/math3/util/Decimal64,log10
org/apache/commons/math3/util,org/apache/commons/math3/util/OpenIntToFieldHashMap,readObject
org/apache/commons/math3/util,org/apache/commons/math3/util/Precision,equals
org/apache/commons/math3/util,org/apache/commons/math3/util/Precision,equalsIncludingNaN
org/apache/commons/math3/util,org/apache/commons/math3/util/Precision,equalsIncludingNaN
org/apache/commons/math3/util,org/apache/commons/math3/util/DefaultTransformer,hashCode
org/apache/commons/math3/util,org/apache/commons/math3/util/IntegerSequence$Incrementor,canIncrement
org/apache/commons/math3/util,org/apache/commons/math3/util/IntegerSequence$Incrementor,remove
org/apache/commons/math3/util,org/apache/commons/math3/util/ArithmeticUtils,binomialCoefficient
org/apache/commons/math3/util,org/apache/commons/math3/util/ArithmeticUtils,binomialCoefficientDouble
org/apache/commons/math3/util,org/apache/commons/math3/util/ArithmeticUtils,binomialCoefficientLog
org/apache/commons/math3/util,org/apache/commons/math3/util/ArithmeticUtils,factorial
org/apache/commons/math3/util,org/apache/commons/math3/util/ArithmeticUtils,factorialDouble
org/apache/commons/math3/util,org/apache/commons/math3/util/ArithmeticUtils,factorialLog
org/apache/commons/math3/util,org/apache/commons/math3/util/ArithmeticUtils,pow
org/apache/commons/math3/util,org/apache/commons/math3/util/ArithmeticUtils,stirlingS2
org/apache/commons/math3/util,org/apache/commons/math3/util/BigReal,getRoundingMode
org/apache/commons/math3/util,org/apache/commons/math3/util/BigReal,setRoundingMode
org/apache/commons/math3/util,org/apache/commons/math3/util/BigReal,setScale
org/apache/commons/math3/util,org/apache/commons/math3/util/BigReal,getField
org/apache/commons/math3/util,org/apache/commons/math3/util/ResizableDoubleArray,getContractionCriteria
org/apache/commons/math3/util,org/apache/commons/math3/util/ResizableDoubleArray,getInternalLength
org/apache/commons/math3/util,org/apache/commons/math3/util/ResizableDoubleArray,getInternalValues
org/apache/commons/math3/util,org/apache/commons/math3/util/ResizableDoubleArray,setInitialCapacity
org/apache/commons/math3/util,org/apache/commons/math3/util/ResizableDoubleArray,start
org/apache/commons/math3/util,org/apache/commons/math3/util/IterationManager$1,trigger
org/apache/commons/math3/util,org/apache/commons/math3/util/FastMathCalc,<clinit>
org/apache/commons/math3/util,org/apache/commons/math3/util/FastMathCalc,buildSinCosTables
org/apache/commons/math3/util,org/apache/commons/math3/util/FastMathCalc,slowCos
org/apache/commons/math3/util,org/apache/commons/math3/util/FastMathCalc,slowSin
org/apache/commons/math3/util,org/apache/commons/math3/util/FastMathCalc,slowexp
org/apache/commons/math3/util,org/apache/commons/math3/util/FastMathCalc,split
org/apache/commons/math3/util,org/apache/commons/math3/util/FastMathCalc,resplit
org/apache/commons/math3/util,org/apache/commons/math3/util/FastMathCalc,splitMult
org/apache/commons/math3/util,org/apache/commons/math3/util/FastMathCalc,splitAdd
org/apache/commons/math3/util,org/apache/commons/math3/util/FastMathCalc,splitReciprocal
org/apache/commons/math3/util,org/apache/commons/math3/util/FastMathCalc,quadMult
org/apache/commons/math3/util,org/apache/commons/math3/util/FastMathCalc,expint
org/apache/commons/math3/util,org/apache/commons/math3/util/FastMathCalc,slowLog
org/apache/commons/math3/util,org/apache/commons/math3/util/FastMathCalc,printarray
org/apache/commons/math3/util,org/apache/commons/math3/util/FastMathCalc,printarray
org/apache/commons/math3/util,org/apache/commons/math3/util/FastMathCalc,format
org/apache/commons/math3/util,org/apache/commons/math3/util/FastMathCalc,checkLen
org/apache/commons/math3/exception/util,org/apache/commons/math3/exception/util/DummyLocalizable,getSourceString
org/apache/commons/math3/exception/util,org/apache/commons/math3/exception/util/DummyLocalizable,getLocalizedString
org/apache/commons/math3/exception/util,org/apache/commons/math3/exception/util/DummyLocalizable,toString
org/apache/commons/math3/exception/util,org/apache/commons/math3/exception/util/ExceptionContext,getThrowable
org/apache/commons/math3/ml/clustering,org/apache/commons/math3/ml/clustering/DoublePoint,toString
org/apache/commons/math3/ml/clustering,org/apache/commons/math3/ml/clustering/KMeansPlusPlusClusterer,getK
org/apache/commons/math3/ml/clustering,org/apache/commons/math3/ml/clustering/KMeansPlusPlusClusterer,getMaxIterations
org/apache/commons/math3/ml/clustering,org/apache/commons/math3/ml/clustering/KMeansPlusPlusClusterer,getRandomGenerator
org/apache/commons/math3/ml/clustering,org/apache/commons/math3/ml/clustering/KMeansPlusPlusClusterer,getEmptyClusterStrategy
org/apache/commons/math3/ml/clustering,org/apache/commons/math3/ml/clustering/KMeansPlusPlusClusterer,getPointFromLargestVarianceCluster
org/apache/commons/math3/ml/clustering,org/apache/commons/math3/ml/clustering/KMeansPlusPlusClusterer,getPointFromLargestNumberCluster
org/apache/commons/math3/ml/clustering,org/apache/commons/math3/ml/clustering/KMeansPlusPlusClusterer,getFarthestPoint
org/apache/commons/math3/ml/clustering,org/apache/commons/math3/ml/clustering/MultiKMeansPlusPlusClusterer,getClusterer
org/apache/commons/math3/ml/clustering,org/apache/commons/math3/ml/clustering/MultiKMeansPlusPlusClusterer,getNumTrials
org/apache/commons/math3/ml/clustering,org/apache/commons/math3/ml/clustering/MultiKMeansPlusPlusClusterer,getClusterEvaluator
org/apache/commons/math3/ml/clustering,org/apache/commons/math3/ml/clustering/FuzzyKMeansClusterer,getMembershipMatrix
org/apache/commons/math3/ml/clustering,org/apache/commons/math3/ml/clustering/FuzzyKMeansClusterer,getDataPoints
org/apache/commons/math3/ml/clustering,org/apache/commons/math3/ml/clustering/FuzzyKMeansClusterer,getClusters
org/apache/commons/math3/ml/clustering,org/apache/commons/math3/ml/clustering/FuzzyKMeansClusterer,getObjectiveFunctionValue
org/apache/commons/math3/stat/descriptive/moment,org/apache/commons/math3/stat/descriptive/moment/SemiVariance,copy
org/apache/commons/math3/stat/descriptive/moment,org/apache/commons/math3/stat/descriptive/moment/SemiVariance,copy
org/apache/commons/math3/stat/descriptive/moment,org/apache/commons/math3/stat/descriptive/moment/SemiVariance,evaluate
org/apache/commons/math3/stat/descriptive/moment,org/apache/commons/math3/stat/descriptive/moment/SemiVariance,evaluate
org/apache/commons/math3/stat/descriptive/moment,org/apache/commons/math3/stat/descriptive/moment/SemiVariance,isBiasCorrected
org/apache/commons/math3/stat/descriptive/moment,org/apache/commons/math3/stat/descriptive/moment/SemiVariance,setBiasCorrected
org/apache/commons/math3/stat/descriptive/moment,org/apache/commons/math3/stat/descriptive/moment/SemiVariance,getVarianceDirection
org/apache/commons/math3/stat/descriptive/moment,org/apache/commons/math3/stat/descriptive/moment/VectorialMean,hashCode
org/apache/commons/math3/stat/descriptive/moment,org/apache/commons/math3/stat/descriptive/moment/Variance,evaluate
org/apache/commons/math3/stat/descriptive/moment,org/apache/commons/math3/stat/descriptive/moment/Variance,isBiasCorrected
org/apache/commons/math3/stat/descriptive/moment,org/apache/commons/math3/stat/descriptive/moment/StandardDeviation,evaluate
org/apache/commons/math3/stat/descriptive/moment,org/apache/commons/math3/stat/descriptive/moment/StandardDeviation,evaluate
org/apache/commons/math3/stat/descriptive/moment,org/apache/commons/math3/stat/descriptive/moment/StandardDeviation,isBiasCorrected
org/apache/commons/math3/stat/descriptive/moment,org/apache/commons/math3/stat/descriptive/moment/GeometricMean,getSumLogImpl
org/apache/commons/math3/stat/descriptive/moment,org/apache/commons/math3/stat/descriptive/moment/VectorialCovariance,hashCode
org/apache/commons/math3/analysis/function,org/apache/commons/math3/analysis/function/Asin,derivative
org/apache/commons/math3/analysis/function,org/apache/commons/math3/analysis/function/Asin,value
org/apache/commons/math3/analysis/function,org/apache/commons/math3/analysis/function/Identity,derivative
org/apache/commons/math3/analysis/function,org/apache/commons/math3/analysis/function/Inverse,derivative
org/apache/commons/math3/analysis/function,org/apache/commons/math3/analysis/function/Log10,derivative
org/apache/commons/math3/analysis/function,org/apache/commons/math3/analysis/function/Log10,value
org/apache/commons/math3/analysis/function,org/apache/commons/math3/analysis/function/Cos,derivative
org/apache/commons/math3/analysis/function,org/apache/commons/math3/analysis/function/Logit$Parametric,gradient
org/apache/commons/math3/analysis/function,org/apache/commons/math3/analysis/function/Sqrt,derivative
org/apache/commons/math3/analysis/function,org/apache/commons/math3/analysis/function/Atan,derivative
org/apache/commons/math3/analysis/function,org/apache/commons/math3/analysis/function/Atan,value
org/apache/commons/math3/analysis/function,org/apache/commons/math3/analysis/function/Expm1,derivative
org/apache/commons/math3/analysis/function,org/apache/commons/math3/analysis/function/Expm1,value
org/apache/commons/math3/analysis/function,org/apache/commons/math3/analysis/function/Exp,derivative
org/apache/commons/math3/analysis/function,org/apache/commons/math3/analysis/function/Exp,value
org/apache/commons/math3/analysis/function,org/apache/commons/math3/analysis/function/Logistic$Parametric,value
org/apache/commons/math3/analysis/function,org/apache/commons/math3/analysis/function/Power,derivative
org/apache/commons/math3/analysis/function,org/apache/commons/math3/analysis/function/Subtract,value
org/apache/commons/math3/analysis/function,org/apache/commons/math3/analysis/function/Asinh,value
org/apache/commons/math3/analysis/function,org/apache/commons/math3/analysis/function/Asinh,derivative
org/apache/commons/math3/analysis/function,org/apache/commons/math3/analysis/function/Asinh,value
org/apache/commons/math3/analysis/function,org/apache/commons/math3/analysis/function/Minus,derivative
org/apache/commons/math3/analysis/function,org/apache/commons/math3/analysis/function/Sinh,derivative
org/apache/commons/math3/analysis/function,org/apache/commons/math3/analysis/function/Sinh,value
org/apache/commons/math3/analysis/function,org/apache/commons/math3/analysis/function/Log1p,derivative
org/apache/commons/math3/analysis/function,org/apache/commons/math3/analysis/function/Log1p,value
org/apache/commons/math3/analysis/function,org/apache/commons/math3/analysis/function/Gaussian,derivative
org/apache/commons/math3/analysis/function,org/apache/commons/math3/analysis/function/Logit,derivative
org/apache/commons/math3/analysis/function,org/apache/commons/math3/analysis/function/Constant,derivative
org/apache/commons/math3/analysis/function,org/apache/commons/math3/analysis/function/Acos,derivative
org/apache/commons/math3/analysis/function,org/apache/commons/math3/analysis/function/Acos,value
org/apache/commons/math3/analysis/function,org/apache/commons/math3/analysis/function/Log,derivative
org/apache/commons/math3/analysis/function,org/apache/commons/math3/analysis/function/Tanh,derivative
org/apache/commons/math3/analysis/function,org/apache/commons/math3/analysis/function/Tanh,value
org/apache/commons/math3/analysis/function,org/apache/commons/math3/analysis/function/HarmonicOscillator,derivative
org/apache/commons/math3/analysis/function,org/apache/commons/math3/analysis/function/Cbrt,derivative
org/apache/commons/math3/analysis/function,org/apache/commons/math3/analysis/function/Cbrt,value
org/apache/commons/math3/analysis/function,org/apache/commons/math3/analysis/function/Tan,derivative
org/apache/commons/math3/analysis/function,org/apache/commons/math3/analysis/function/Tan,value
org/apache/commons/math3/analysis/function,org/apache/commons/math3/analysis/function/Atan2,value
org/apache/commons/math3/analysis/function,org/apache/commons/math3/analysis/function/Cosh,derivative
org/apache/commons/math3/analysis/function,org/apache/commons/math3/analysis/function/Acosh,value
org/apache/commons/math3/analysis/function,org/apache/commons/math3/analysis/function/Acosh,derivative
org/apache/commons/math3/analysis/function,org/apache/commons/math3/analysis/function/Acosh,value
org/apache/commons/math3/analysis/function,org/apache/commons/math3/analysis/function/Atanh,value
org/apache/commons/math3/analysis/function,org/apache/commons/math3/analysis/function/Atanh,derivative
org/apache/commons/math3/analysis/function,org/apache/commons/math3/analysis/function/Atanh,value
org/apache/commons/math3/analysis/function,org/apache/commons/math3/analysis/function/Sigmoid,derivative
org/apache/commons/math3/analysis/function,org/apache/commons/math3/analysis/function/Logistic,derivative
org/apache/commons/math3/analysis/function,org/apache/commons/math3/analysis/function/Sinc,derivative
org/apache/commons/math3/dfp,org/apache/commons/math3/dfp/BracketingNthOrderBrentSolverDFP,getRelativeAccuracy
org/apache/commons/math3/dfp,org/apache/commons/math3/dfp/DfpDec,newInstance
org/apache/commons/math3/dfp,org/apache/commons/math3/dfp/DfpDec,newInstance
org/apache/commons/math3/dfp,org/apache/commons/math3/dfp/DfpDec,newInstance
org/apache/commons/math3/dfp,org/apache/commons/math3/dfp/DfpDec,newInstance
org/apache/commons/math3/dfp,org/apache/commons/math3/dfp/DfpDec,newInstance
org/apache/commons/math3/dfp,org/apache/commons/math3/dfp/DfpDec,newInstance
org/apache/commons/math3/dfp,org/apache/commons/math3/dfp/DfpDec,newInstance
org/apache/commons/math3/dfp,org/apache/commons/math3/dfp/Dfp,newInstance
org/apache/commons/math3/dfp,org/apache/commons/math3/dfp/Dfp,newInstance
org/apache/commons/math3/dfp,org/apache/commons/math3/dfp/Dfp,toSplitDouble
org/apache/commons/math3/dfp,org/apache/commons/math3/dfp/Dfp,round
org/apache/commons/math3/dfp,org/apache/commons/math3/dfp/Dfp,log10
org/apache/commons/math3/dfp,org/apache/commons/math3/dfp/DfpMath,split
org/apache/commons/math3/dfp,org/apache/commons/math3/dfp/DfpField,setIEEEFlags
org/apache/commons/math3/dfp,org/apache/commons/math3/dfp/DfpField,newDfp
org/apache/commons/math3/dfp,org/apache/commons/math3/dfp/DfpField,newDfp
org/apache/commons/math3/dfp,org/apache/commons/math3/dfp/DfpField,getSqr2
org/apache/commons/math3/dfp,org/apache/commons/math3/dfp/DfpField,getSqr2Reciprocal
org/apache/commons/math3/dfp,org/apache/commons/math3/dfp/DfpField,getSqr3
org/apache/commons/math3/dfp,org/apache/commons/math3/dfp/DfpField,getSqr3Reciprocal
org/apache/commons/math3/dfp,org/apache/commons/math3/dfp/DfpField,getE
org/apache/commons/math3/dfp,org/apache/commons/math3/dfp/DfpField,getLn5
org/apache/commons/math3/dfp,org/apache/commons/math3/dfp/DfpField,getLn10
org/apache/commons/math3/stat/descriptive/rank,org/apache/commons/math3/stat/descriptive/rank/Median,withKthSelector
org/apache/commons/math3/stat/descriptive/rank,org/apache/commons/math3/stat/descriptive/rank/Percentile,setData
org/apache/commons/math3/stat/descriptive/rank,org/apache/commons/math3/stat/descriptive/rank/Percentile,copy
org/apache/commons/math3/ode,org/apache/commons/math3/ode/MultistepIntegrator$1,getDimension
org/apache/commons/math3/ode,org/apache/commons/math3/ode/MultistepIntegrator$1,computeDerivatives
org/apache/commons/math3/ode,org/apache/commons/math3/ode/ContinuousOutputModel,getInterpolatedSecondaryState
org/apache/commons/math3/ode,org/apache/commons/math3/ode/ContinuousOutputModel,getInterpolatedSecondaryDerivatives
org/apache/commons/math3/ode,org/apache/commons/math3/ode/MultistepIntegrator,getStarterIntegrator
org/apache/commons/math3/ode,org/apache/commons/math3/ode/MultistepIntegrator,getMinReduction
org/apache/commons/math3/ode,org/apache/commons/math3/ode/MultistepIntegrator,getMaxGrowth
org/apache/commons/math3/ode,org/apache/commons/math3/ode/MultistepIntegrator,getSafety
org/apache/commons/math3/ode,org/apache/commons/math3/ode/AbstractParameterizable,getParametersNames
org/apache/commons/math3/ode,org/apache/commons/math3/ode/AbstractIntegrator,getMaxEvaluations
org/apache/commons/math3/ode,org/apache/commons/math3/ode/AbstractIntegrator,getEvaluationsCounter
org/apache/commons/math3/ode,org/apache/commons/math3/ode/ParameterJacobianWrapper,getParametersNames
org/apache/commons/math3/ode,org/apache/commons/math3/ode/AbstractFieldIntegrator,getMaxEvaluations
org/apache/commons/math3/ode,org/apache/commons/math3/ode/AbstractFieldIntegrator,getEquations
org/apache/commons/math3/ode,org/apache/commons/math3/ode/MultistepFieldIntegrator,getStarterIntegrator
org/apache/commons/math3/ode,org/apache/commons/math3/ode/MultistepFieldIntegrator,getMinReduction
org/apache/commons/math3/ode,org/apache/commons/math3/ode/MultistepFieldIntegrator,getMaxGrowth
org/apache/commons/math3/ode,org/apache/commons/math3/ode/MultistepFieldIntegrator,getSafety
org/apache/commons/math3/ode,org/apache/commons/math3/ode/MultistepFieldIntegrator,getNSteps
org/apache/commons/math3/ode,org/apache/commons/math3/ode/ExpandableStatefulODE,getPrimaryStateDot
org/apache/commons/math3/ode,org/apache/commons/math3/ode/ExpandableStatefulODE,getSecondaryStateDot
org/apache/commons/math3/ode,org/apache/commons/math3/ode/ParameterizedWrapper,getDimension
org/apache/commons/math3/ode,org/apache/commons/math3/ode/ParameterizedWrapper,computeDerivatives
org/apache/commons/math3/ode,org/apache/commons/math3/ode/ParameterizedWrapper,getParametersNames
org/apache/commons/math3/ode,org/apache/commons/math3/ode/ParameterizedWrapper,isSupported
org/apache/commons/math3/ode,org/apache/commons/math3/ode/ParameterizedWrapper,getParameter
org/apache/commons/math3/ode,org/apache/commons/math3/ode/ParameterizedWrapper,setParameter
org/apache/commons/math3/fitting/leastsquares,org/apache/commons/math3/fitting/leastsquares/LevenbergMarquardtOptimizer,getInitialStepBoundFactor
org/apache/commons/math3/fitting/leastsquares,org/apache/commons/math3/fitting/leastsquares/LevenbergMarquardtOptimizer,getCostRelativeTolerance
org/apache/commons/math3/fitting/leastsquares,org/apache/commons/math3/fitting/leastsquares/LevenbergMarquardtOptimizer,getParameterRelativeTolerance
org/apache/commons/math3/fitting/leastsquares,org/apache/commons/math3/fitting/leastsquares/LevenbergMarquardtOptimizer,getOrthoTolerance
org/apache/commons/math3/fitting/leastsquares,org/apache/commons/math3/fitting/leastsquares/LevenbergMarquardtOptimizer,getRankingThreshold
org/apache/commons/math3/fitting/leastsquares,org/apache/commons/math3/fitting/leastsquares/OptimumImpl,getJacobian
org/apache/commons/math3/fitting/leastsquares,org/apache/commons/math3/fitting/leastsquares/OptimumImpl,getCost
org/apache/commons/math3/fitting/leastsquares,org/apache/commons/math3/fitting/leastsquares/LeastSquaresBuilder,lazyEvaluation
org/apache/commons/math3/fitting/leastsquares,org/apache/commons/math3/fitting/leastsquares/LeastSquaresFactory$2,evaluate
org/apache/commons/math3/fitting/leastsquares,org/apache/commons/math3/fitting/leastsquares/LeastSquaresFactory,create
org/apache/commons/math3/fitting/leastsquares,org/apache/commons/math3/fitting/leastsquares/LeastSquaresFactory,create
org/apache/commons/math3/fitting/leastsquares,org/apache/commons/math3/fitting/leastsquares/LeastSquaresFactory,create
org/apache/commons/math3/fitting/leastsquares,org/apache/commons/math3/fitting/leastsquares/LeastSquaresFactory,weightDiagonal
org/apache/commons/math3/fitting/leastsquares,org/apache/commons/math3/fitting/leastsquares/LeastSquaresFactory,countEvaluations
org/apache/commons/math3/fitting/leastsquares,org/apache/commons/math3/fitting/leastsquares/GaussNewtonOptimizer,getDecomposition
org/apache/commons/math3/fitting/leastsquares,org/apache/commons/math3/fitting/leastsquares/GaussNewtonOptimizer,withDecomposition
org/apache/commons/math3/fitting/leastsquares,org/apache/commons/math3/fitting/leastsquares/GaussNewtonOptimizer,toString
org/apache/commons/math3/fitting/leastsquares,org/apache/commons/math3/fitting/leastsquares/LeastSquaresFactory$LocalLeastSquaresProblem$LazyUnweightedEvaluation,getJacobian
org/apache/commons/math3/fitting/leastsquares,org/apache/commons/math3/fitting/leastsquares/LeastSquaresFactory$LocalLeastSquaresProblem$LazyUnweightedEvaluation,getPoint
org/apache/commons/math3/fitting/leastsquares,org/apache/commons/math3/fitting/leastsquares/LeastSquaresFactory$LocalLeastSquaresProblem$LazyUnweightedEvaluation,getResiduals
org/apache/commons/math3/transform,org/apache/commons/math3/transform/TransformUtils,exactLog2
org/apache/commons/math3/transform,org/apache/commons/math3/transform/FastHadamardTransformer,transform
org/apache/commons/math3/analysis/interpolation,org/apache/commons/math3/analysis/interpolation/InterpolatingMicrosphere,copy
org/apache/commons/math3/analysis/interpolation,org/apache/commons/math3/analysis/interpolation/InterpolatingMicrosphere,getSize
org/apache/commons/math3/analysis/interpolation,org/apache/commons/math3/analysis/interpolation/PiecewiseBicubicSplineInterpolatingFunction,isValidPoint
org/apache/commons/math3/analysis/interpolation,org/apache/commons/math3/analysis/interpolation/BicubicSplineFunction$3,value
org/apache/commons/math3/analysis/interpolation,org/apache/commons/math3/analysis/interpolation/BicubicSplineInterpolatingFunction,partialDerivativeXX
org/apache/commons/math3/analysis/interpolation,org/apache/commons/math3/analysis/interpolation/BicubicSplineInterpolatingFunction,partialDerivativeYY
org/apache/commons/math3/analysis/interpolation,org/apache/commons/math3/analysis/interpolation/BicubicSplineFunction$4,value
org/apache/commons/math3/analysis/interpolation,org/apache/commons/math3/analysis/interpolation/InterpolatingMicrosphere2D,copy
org/apache/commons/math3/analysis/interpolation,org/apache/commons/math3/analysis/interpolation/TricubicInterpolatingFunction,isValidPoint
org/apache/commons/math3/analysis/interpolation,org/apache/commons/math3/analysis/interpolation/LoessInterpolator,interpolate
org/apache/commons/math3/analysis/interpolation,org/apache/commons/math3/analysis/interpolation/TricubicInterpolator$1,isValidPoint
org/apache/commons/math3/ml/neuralnet/oned,org/apache/commons/math3/ml/neuralnet/oned/NeuronString,getSize
org/apache/commons/math3/ml/neuralnet/oned,org/apache/commons/math3/ml/neuralnet/oned/NeuronString,readObject
org/apache/commons/math3/geometry,org/apache/commons/math3/geometry/VectorFormat,getAvailableLocales
org/apache/commons/math3/geometry,org/apache/commons/math3/geometry/VectorFormat,getPrefix
org/apache/commons/math3/geometry,org/apache/commons/math3/geometry/VectorFormat,getSuffix
org/apache/commons/math3/geometry,org/apache/commons/math3/geometry/VectorFormat,getSeparator
org/apache/commons/math3/optimization/fitting,org/apache/commons/math3/optimization/fitting/CurveFitter$TheoreticalValuesFunction,value
org/apache/commons/math3/optimization/fitting,org/apache/commons/math3/optimization/fitting/CurveFitter$TheoreticalValuesFunction,value
org/apache/commons/math3/optimization/fitting,org/apache/commons/math3/optimization/fitting/PolynomialFitter,fit
org/apache/commons/math3/optimization/fitting,org/apache/commons/math3/optimization/fitting/PolynomialFitter,fit
org/apache/commons/math3/optimization/fitting,org/apache/commons/math3/optimization/fitting/CurveFitter,addObservedPoint
org/apache/commons/math3/optimization/fitting,org/apache/commons/math3/optimization/fitting/CurveFitter,clearObservations
org/apache/commons/math3/optim/linear,org/apache/commons/math3/optim/linear/LinearObjectiveFunction,hashCode
org/apache/commons/math3/optim/linear,org/apache/commons/math3/optim/linear/SimplexTableau,setEntry
org/apache/commons/math3/optim/linear,org/apache/commons/math3/optim/linear/SimplexTableau,getNumDecisionVariables
org/apache/commons/math3/optim/linear,org/apache/commons/math3/optim/linear/SimplexTableau,hashCode
org/apache/commons/math3/optim/linear,org/apache/commons/math3/optim/linear/Relationship,toString
org/apache/commons/math3/ode/nonstiff,org/apache/commons/math3/ode/nonstiff/AdamsNordsieckTransformer,getNSteps
org/apache/commons/math3/ode/nonstiff,org/apache/commons/math3/ode/nonstiff/AdaptiveStepsizeFieldIntegrator,setInitialStepSize
org/apache/commons/math3/ode/nonstiff,org/apache/commons/math3/ode/nonstiff/AdaptiveStepsizeFieldIntegrator,getMinStep
org/apache/commons/math3/ode/nonstiff,org/apache/commons/math3/ode/nonstiff/AdaptiveStepsizeFieldIntegrator,getMaxStep
org/apache/commons/math3/ode/nonstiff,org/apache/commons/math3/ode/nonstiff/EmbeddedRungeKuttaFieldIntegrator,getSafety
org/apache/commons/math3/ode/nonstiff,org/apache/commons/math3/ode/nonstiff/EmbeddedRungeKuttaFieldIntegrator,getMinReduction
org/apache/commons/math3/ode/nonstiff,org/apache/commons/math3/ode/nonstiff/EmbeddedRungeKuttaFieldIntegrator,getMaxGrowth
org/apache/commons/math3/ode/nonstiff,org/apache/commons/math3/ode/nonstiff/AdamsFieldStepInterpolator,create
org/apache/commons/math3/linear,org/apache/commons/math3/linear/RealLinearOperator,operateTranspose
org/apache/commons/math3/linear,org/apache/commons/math3/linear/RealLinearOperator,isTransposable
org/apache/commons/math3/linear,org/apache/commons/math3/linear/SparseFieldVector,append
org/apache/commons/math3/linear,org/apache/commons/math3/linear/SparseFieldVector,append
org/apache/commons/math3/linear,org/apache/commons/math3/linear/SparseFieldVector,append
org/apache/commons/math3/linear,org/apache/commons/math3/linear/SparseFieldVector,getData
org/apache/commons/math3/linear,org/apache/commons/math3/linear/SparseFieldVector,getField
org/apache/commons/math3/linear,org/apache/commons/math3/linear/SparseFieldVector,getSubVector
org/apache/commons/math3/linear,org/apache/commons/math3/linear/SparseFieldVector,projection
org/apache/commons/math3/linear,org/apache/commons/math3/linear/SparseFieldVector,set
org/apache/commons/math3/linear,org/apache/commons/math3/linear/SparseFieldVector,setSubVector
org/apache/commons/math3/linear,org/apache/commons/math3/linear/CholeskyDecomposition$Solver,isNonSingular
org/apache/commons/math3/linear,org/apache/commons/math3/linear/CholeskyDecomposition$Solver,getInverse
org/apache/commons/math3/linear,org/apache/commons/math3/linear/IterativeLinearSolverEvent,getResidual
org/apache/commons/math3/linear,org/apache/commons/math3/linear/IterativeLinearSolverEvent,providesResidual
org/apache/commons/math3/linear,org/apache/commons/math3/linear/ConjugateGradient,getCheck
org/apache/commons/math3/linear,org/apache/commons/math3/linear/HessenbergTransformer,getHouseholderVectorsRef
org/apache/commons/math3/linear,org/apache/commons/math3/linear/DefaultFieldMatrixChangingVisitor,visit
org/apache/commons/math3/linear,org/apache/commons/math3/linear/DefaultIterativeLinearSolverEvent,providesResidual
org/apache/commons/math3/linear,org/apache/commons/math3/linear/MatrixUtils,createFieldDiagonalMatrix
org/apache/commons/math3/linear,org/apache/commons/math3/linear/MatrixUtils,createFieldVector
org/apache/commons/math3/linear,org/apache/commons/math3/linear/RealVectorFormat,getAvailableLocales
org/apache/commons/math3/linear,org/apache/commons/math3/linear/RealVectorFormat,getPrefix
org/apache/commons/math3/linear,org/apache/commons/math3/linear/RealVectorFormat,getSuffix
org/apache/commons/math3/linear,org/apache/commons/math3/linear/RealVectorFormat,getSeparator
org/apache/commons/math3/linear,org/apache/commons/math3/linear/RealVector$2,ebeMultiply
org/apache/commons/math3/linear,org/apache/commons/math3/linear/RealVector$2,ebeDivide
org/apache/commons/math3/linear,org/apache/commons/math3/linear/RealMatrixFormat,getAvailableLocales
org/apache/commons/math3/linear,org/apache/commons/math3/linear/RealMatrixFormat,getPrefix
org/apache/commons/math3/linear,org/apache/commons/math3/linear/RealMatrixFormat,getSuffix
org/apache/commons/math3/linear,org/apache/commons/math3/linear/RealMatrixFormat,getRowPrefix
org/apache/commons/math3/linear,org/apache/commons/math3/linear/RealMatrixFormat,getRowSuffix
org/apache/commons/math3/linear,org/apache/commons/math3/linear/RealMatrixFormat,getRowSeparator
org/apache/commons/math3/linear,org/apache/commons/math3/linear/RealMatrixFormat,getColumnSeparator
org/apache/commons/math3/linear,org/apache/commons/math3/linear/NonPositiveDefiniteMatrixException,getRow
org/apache/commons/math3/linear,org/apache/commons/math3/linear/NonPositiveDefiniteMatrixException,getColumn
org/apache/commons/math3/linear,org/apache/commons/math3/linear/NonPositiveDefiniteMatrixException,getThreshold
org/apache/commons/math3/linear,org/apache/commons/math3/linear/EigenDecomposition,getImagEigenvalues
org/apache/commons/math3/linear,org/apache/commons/math3/linear/EigenDecomposition,getImagEigenvalue
org/apache/commons/math3/linear,org/apache/commons/math3/linear/RRQRDecomposition$Solver,getInverse
org/apache/commons/math3/linear,org/apache/commons/math3/linear/OpenMapRealVector,dotProduct
org/apache/commons/math3/linear,org/apache/commons/math3/linear/OpenMapRealVector,hashCode
org/apache/commons/math3/linear,org/apache/commons/math3/linear/OpenMapRealVector,getSparsity
org/apache/commons/math3/linear,org/apache/commons/math3/linear/SingularValueDecomposition,getNorm
org/apache/commons/math3/linear,org/apache/commons/math3/linear/DefaultFieldMatrixPreservingVisitor,visit
org/apache/commons/math3/linear,org/apache/commons/math3/linear/TriDiagonalTransformer,getHouseholderVectorsRef
org/apache/commons/math3/linear,org/apache/commons/math3/linear/RealVector,equals
org/apache/commons/math3/linear,org/apache/commons/math3/linear/RealVector,hashCode
org/apache/commons/math3/linear,org/apache/commons/math3/linear/AbstractRealMatrix,addToEntry
org/apache/commons/math3/linear,org/apache/commons/math3/linear/AbstractRealMatrix,multiplyEntry
org/apache/commons/math3/linear,org/apache/commons/math3/linear/AbstractRealMatrix,walkInRowOrder
org/apache/commons/math3/linear,org/apache/commons/math3/linear/AbstractRealMatrix,walkInRowOrder
org/apache/commons/math3/linear,org/apache/commons/math3/linear/BlockFieldMatrix,addToEntry
org/apache/commons/math3/linear,org/apache/commons/math3/linear/BlockFieldMatrix,multiplyEntry
org/apache/commons/math3/linear,org/apache/commons/math3/linear/AbstractFieldMatrix,extractField
org/apache/commons/math3/linear,org/apache/commons/math3/linear/AbstractFieldMatrix,buildArray
org/apache/commons/math3/linear,org/apache/commons/math3/linear/AbstractFieldMatrix,buildArray
org/apache/commons/math3/linear,org/apache/commons/math3/linear/AbstractFieldMatrix,preMultiply
org/apache/commons/math3/linear,org/apache/commons/math3/linear/AbstractFieldMatrix,walkInRowOrder
org/apache/commons/math3/linear,org/apache/commons/math3/linear/AbstractFieldMatrix,walkInRowOrder
org/apache/commons/math3/linear,org/apache/commons/math3/linear/SymmLQ,getCheck
org/apache/commons/math3/linear,org/apache/commons/math3/linear/SymmLQ,solve
org/apache/commons/math3/linear,org/apache/commons/math3/linear/SymmLQ,solve
org/apache/commons/math3/linear,org/apache/commons/math3/linear/SymmLQ,solveInPlace
org/apache/commons/math3/linear,org/apache/commons/math3/linear/ArrayRealVector,append
org/apache/commons/math3/linear,org/apache/commons/math3/linear/OpenMapRealVector$OpenMapEntry,setValue
org/apache/commons/math3/linear,org/apache/commons/math3/linear/DefaultRealMatrixPreservingVisitor,visit
org/apache/commons/math3/linear,org/apache/commons/math3/linear/JacobiPreconditioner$1,getRowDimension
org/apache/commons/math3/linear,org/apache/commons/math3/linear/JacobiPreconditioner$1,getColumnDimension
org/apache/commons/math3/linear,org/apache/commons/math3/linear/OpenMapRealVector$OpenMapSparseIterator,remove
org/apache/commons/math3/linear,org/apache/commons/math3/linear/Array2DRowFieldMatrix,addToEntry
org/apache/commons/math3/linear,org/apache/commons/math3/linear/Array2DRowFieldMatrix,multiplyEntry
org/apache/commons/math3/linear,org/apache/commons/math3/linear/DefaultRealMatrixChangingVisitor,visit
org/apache/commons/math3/linear,org/apache/commons/math3/linear/RealVector$SparseEntryIterator,remove
org/apache/commons/math3/linear,org/apache/commons/math3/linear/IterativeLinearSolver,solve
org/apache/commons/math3/linear,org/apache/commons/math3/linear/IterativeLinearSolver,solve
org/apache/commons/math3/linear,org/apache/commons/math3/linear/NonSymmetricMatrixException,getRow
org/apache/commons/math3/linear,org/apache/commons/math3/linear/NonSymmetricMatrixException,getColumn
org/apache/commons/math3/linear,org/apache/commons/math3/linear/NonSymmetricMatrixException,getThreshold
org/apache/commons/math3/linear,org/apache/commons/math3/linear/OpenMapRealMatrix,addToEntry
org/apache/commons/math3/linear,org/apache/commons/math3/linear/OpenMapRealMatrix,multiplyEntry
org/apache/commons/math3/linear,org/apache/commons/math3/linear/BiDiagonalTransformer,getHouseholderVectorsRef
org/apache/commons/math3/linear,org/apache/commons/math3/linear/BiDiagonalTransformer,getMainDiagonalRef
org/apache/commons/math3/linear,org/apache/commons/math3/linear/BiDiagonalTransformer,getSecondaryDiagonalRef
org/apache/commons/math3/linear,org/apache/commons/math3/linear/PreconditionedIterativeLinearSolver,solve
org/apache/commons/math3/linear,org/apache/commons/math3/linear/BlockRealMatrix,multiplyEntry
org/apache/commons/math3/linear,org/apache/commons/math3/linear/SparseFieldMatrix,addToEntry
org/apache/commons/math3/linear,org/apache/commons/math3/linear/SparseFieldMatrix,multiplyEntry
org/apache/commons/math3/filter,org/apache/commons/math3/filter/KalmanFilter,getStateEstimationVector
org/apache/commons/math3/filter,org/apache/commons/math3/filter/KalmanFilter,getErrorCovarianceMatrix
org/apache/commons/math3/filter,org/apache/commons/math3/filter/KalmanFilter,predict
org/apache/commons/math3/stat/correlation,org/apache/commons/math3/stat/correlation/SpearmansCorrelation,getRankCorrelation
org/apache/commons/math3/stat/correlation,org/apache/commons/math3/stat/correlation/StorelessBivariateCovariance,getN
org/apache/commons/math3/stat/correlation,org/apache/commons/math3/stat/correlation/StorelessCovariance,getCovariance
org/apache/commons/math3/stat/correlation,org/apache/commons/math3/stat/correlation/StorelessCovariance,append
org/apache/commons/math3/stat/correlation,org/apache/commons/math3/stat/correlation/StorelessCovariance,getN
org/apache/commons/math3/stat/correlation,org/apache/commons/math3/stat/correlation/Covariance,computeCovarianceMatrix
org/apache/commons/math3/optimization/direct,org/apache/commons/math3/optimization/direct/CMAESOptimizer$FitnessFunction,isFeasible
org/apache/commons/math3/optimization/direct,org/apache/commons/math3/optimization/direct/CMAESOptimizer$DoubleIndex,equals
org/apache/commons/math3/optimization/direct,org/apache/commons/math3/optimization/direct/CMAESOptimizer$DoubleIndex,hashCode
org/apache/commons/math3/optimization/direct,org/apache/commons/math3/optimization/direct/BaseAbstractMultivariateVectorOptimizer,getMaxEvaluations
org/apache/commons/math3/optimization/direct,org/apache/commons/math3/optimization/direct/BaseAbstractMultivariateVectorOptimizer,optimize
org/apache/commons/math3/optimization/direct,org/apache/commons/math3/optimization/direct/BaseAbstractMultivariateVectorOptimizer,optimize
org/apache/commons/math3/optimization/direct,org/apache/commons/math3/optimization/direct/BaseAbstractMultivariateVectorOptimizer,optimizeInternal
org/apache/commons/math3/optimization/direct,org/apache/commons/math3/optimization/direct/BaseAbstractMultivariateVectorOptimizer,getTargetRef
org/apache/commons/math3/optimization/direct,org/apache/commons/math3/optimization/direct/BaseAbstractMultivariateVectorOptimizer,getWeightRef
org/apache/commons/math3/optimization/direct,org/apache/commons/math3/optimization/direct/CMAESOptimizer,getStatisticsSigmaHistory
org/apache/commons/math3/optimization/direct,org/apache/commons/math3/optimization/direct/CMAESOptimizer,getStatisticsMeanHistory
org/apache/commons/math3/optimization/direct,org/apache/commons/math3/optimization/direct/CMAESOptimizer,getStatisticsFitnessHistory
org/apache/commons/math3/optimization/direct,org/apache/commons/math3/optimization/direct/CMAESOptimizer,getStatisticsDHistory
org/apache/commons/math3/optimization/direct,org/apache/commons/math3/optimization/direct/CMAESOptimizer,randn
org/apache/commons/math3/optimization/direct,org/apache/commons/math3/optimization/direct/BOBYQAOptimizer,caller
org/apache/commons/math3/distribution,org/apache/commons/math3/distribution/GumbelDistribution,getNumericalMean
org/apache/commons/math3/distribution,org/apache/commons/math3/distribution/GumbelDistribution,getNumericalVariance
org/apache/commons/math3/distribution,org/apache/commons/math3/distribution/GammaDistribution,getScale
org/apache/commons/math3/distribution,org/apache/commons/math3/distribution/PascalDistribution,isSupportConnected
org/apache/commons/math3/distribution,org/apache/commons/math3/distribution/ZipfDistribution,isSupportConnected
org/apache/commons/math3/distribution,org/apache/commons/math3/distribution/HypergeometricDistribution,isSupportConnected
org/apache/commons/math3/distribution,org/apache/commons/math3/distribution/LevyDistribution,getNumericalMean
org/apache/commons/math3/distribution,org/apache/commons/math3/distribution/LevyDistribution,getNumericalVariance
org/apache/commons/math3/distribution,org/apache/commons/math3/distribution/EnumeratedDistribution,reseedRandomGenerator
org/apache/commons/math3/distribution,org/apache/commons/math3/distribution/EnumeratedDistribution,sample
org/apache/commons/math3/distribution,org/apache/commons/math3/distribution/TriangularDistribution,getMode
org/apache/commons/math3/distribution,org/apache/commons/math3/distribution/TriangularDistribution,getSolverAbsoluteAccuracy
org/apache/commons/math3/distribution,org/apache/commons/math3/distribution/TriangularDistribution,isSupportConnected
org/apache/commons/math3/distribution,org/apache/commons/math3/distribution/ExponentialDistribution,getSolverAbsoluteAccuracy
org/apache/commons/math3/distribution,org/apache/commons/math3/distribution/ExponentialDistribution,isSupportConnected
org/apache/commons/math3/distribution,org/apache/commons/math3/distribution/KolmogorovSmirnovDistribution,cdf
org/apache/commons/math3/distribution,org/apache/commons/math3/distribution/KolmogorovSmirnovDistribution,cdfExact
org/apache/commons/math3/distribution,org/apache/commons/math3/distribution/KolmogorovSmirnovDistribution,exactK
org/apache/commons/math3/distribution,org/apache/commons/math3/distribution/LogisticDistribution,getNumericalMean
org/apache/commons/math3/distribution,org/apache/commons/math3/distribution/LogisticDistribution,getNumericalVariance
org/apache/commons/math3/distribution,org/apache/commons/math3/distribution/PoissonDistribution,isSupportConnected
org/apache/commons/math3/distribution,org/apache/commons/math3/distribution/ConstantRealDistribution,isSupportConnected
org/apache/commons/math3/distribution,org/apache/commons/math3/distribution/WeibullDistribution,getSolverAbsoluteAccuracy
org/apache/commons/math3/distribution,org/apache/commons/math3/distribution/WeibullDistribution,isSupportConnected
org/apache/commons/math3/distribution,org/apache/commons/math3/distribution/AbstractRealDistribution,probability
org/apache/commons/math3/distribution,org/apache/commons/math3/distribution/BinomialDistribution,isSupportConnected
org/apache/commons/math3/distribution,org/apache/commons/math3/distribution/BetaDistribution,isSupportLowerBoundInclusive
org/apache/commons/math3/distribution,org/apache/commons/math3/distribution/BetaDistribution,isSupportUpperBoundInclusive
org/apache/commons/math3/distribution,org/apache/commons/math3/distribution/LaplaceDistribution,getNumericalMean
org/apache/commons/math3/distribution,org/apache/commons/math3/distribution/LaplaceDistribution,getNumericalVariance
org/apache/commons/math3/distribution,org/apache/commons/math3/distribution/UniformIntegerDistribution,isSupportConnected
org/apache/commons/math3/distribution,org/apache/commons/math3/distribution/CauchyDistribution,getSolverAbsoluteAccuracy
org/apache/commons/math3/distribution,org/apache/commons/math3/distribution/CauchyDistribution,isSupportConnected
org/apache/commons/math3/distribution,org/apache/commons/math3/distribution/MultivariateNormalDistribution,getStandardDeviations
org/apache/commons/math3/distribution,org/apache/commons/math3/distribution/GeometricDistribution,getProbabilityOfSuccess
org/apache/commons/math3/distribution,org/apache/commons/math3/distribution/GeometricDistribution,isSupportConnected
org/apache/commons/math3/distribution,org/apache/commons/math3/distribution/NormalDistribution,getSolverAbsoluteAccuracy
org/apache/commons/math3/distribution,org/apache/commons/math3/distribution/NormalDistribution,isSupportConnected
org/apache/commons/math3/distribution,org/apache/commons/math3/distribution/UniformRealDistribution,isSupportConnected
org/apache/commons/math3/stat/inference,org/apache/commons/math3/stat/inference/TestUtils,homoscedasticT
org/apache/commons/math3/stat/inference,org/apache/commons/math3/stat/inference/TestUtils,homoscedasticTTest
org/apache/commons/math3/stat/inference,org/apache/commons/math3/stat/inference/TestUtils,chiSquareDataSetsComparison
org/apache/commons/math3/stat/inference,org/apache/commons/math3/stat/inference/TestUtils,chiSquareTestDataSetsComparison
org/apache/commons/math3/stat/inference,org/apache/commons/math3/stat/inference/TestUtils,chiSquareTestDataSetsComparison
org/apache/commons/math3/stat/inference,org/apache/commons/math3/stat/inference/TestUtils,gTestIntrinsic
org/apache/commons/math3/stat/inference,org/apache/commons/math3/stat/inference/TestUtils,kolmogorovSmirnovTest
org/apache/commons/math3/stat/inference,org/apache/commons/math3/stat/inference/TestUtils,kolmogorovSmirnovTest
org/apache/commons/math3/stat/inference,org/apache/commons/math3/stat/inference/TestUtils,kolmogorovSmirnovTest
org/apache/commons/math3/stat/inference,org/apache/commons/math3/stat/inference/TestUtils,approximateP
org/apache/commons/math3/stat/inference,org/apache/commons/math3/stat/inference/TestUtils,monteCarloP
org/apache/commons/math3/stat/inference,org/apache/commons/math3/stat/inference/KolmogorovSmirnovTest,cdf
org/apache/commons/math3/stat/inference,org/apache/commons/math3/stat/inference/KolmogorovSmirnovTest,cdfExact
org/apache/commons/math3/stat/inference,org/apache/commons/math3/stat/inference/KolmogorovSmirnovTest,exactK
org/apache/commons/math3/stat/inference,org/apache/commons/math3/stat/inference/KolmogorovSmirnovTest,createExactH
org/apache/commons/math3/stat/inference,org/apache/commons/math3/stat/inference/TTest,homoscedasticT
org/apache/commons/math3/stat/clustering,org/apache/commons/math3/stat/clustering/EuclideanDoublePoint,toString
org/apache/commons/math3/stat/clustering,org/apache/commons/math3/stat/clustering/EuclideanIntegerPoint,toString
org/apache/commons/math3/special,org/apache/commons/math3/special/BesselJ$BesselJResult,getVals
org/apache/commons/math3/special,org/apache/commons/math3/special/BesselJ$BesselJResult,getnVals
org/apache/commons/math3/special,org/apache/commons/math3/special/Beta,regularizedBeta
org/apache/commons/math3/special,org/apache/commons/math3/special/Beta,regularizedBeta
org/apache/commons/math3/special,org/apache/commons/math3/special/Beta,logBeta
org/apache/commons/math3/special,org/apache/commons/math3/special/BesselJ,value
org/apache/commons/math3/ml/neuralnet/twod/util,org/apache/commons/math3/ml/neuralnet/twod/util/HitHistogram,computeImage
org/apache/commons/math3/ml/neuralnet/twod/util,org/apache/commons/math3/ml/neuralnet/twod/util/UnifiedDistanceMatrix,computeImage
org/apache/commons/math3/ml/neuralnet/twod/util,org/apache/commons/math3/ml/neuralnet/twod/util/UnifiedDistanceMatrix,individualDistances
org/apache/commons/math3/ml/neuralnet/twod/util,org/apache/commons/math3/ml/neuralnet/twod/util/UnifiedDistanceMatrix,averageDistances
org/apache/commons/math3/ml/neuralnet/twod/util,org/apache/commons/math3/ml/neuralnet/twod/util/TopographicErrorHistogram,computeImage
org/apache/commons/math3/ml/neuralnet/twod/util,org/apache/commons/math3/ml/neuralnet/twod/util/SmoothedDataHistogram,computeImage
org/apache/commons/math3/ml/neuralnet/twod/util,org/apache/commons/math3/ml/neuralnet/twod/util/QuantizationError,computeImage
org/apache/commons/math3/fitting,org/apache/commons/math3/fitting/PolynomialFitter,fit
org/apache/commons/math3/fitting,org/apache/commons/math3/fitting/CurveFitter,addObservedPoint
org/apache/commons/math3/fitting,org/apache/commons/math3/fitting/PolynomialCurveFitter,withMaxIterations
org/apache/commons/math3/fitting,org/apache/commons/math3/fitting/SimpleCurveFitter,withStartPoint
org/apache/commons/math3/fitting,org/apache/commons/math3/fitting/SimpleCurveFitter,withMaxIterations
org/apache/commons/math3/fitting,org/apache/commons/math3/fitting/HarmonicCurveFitter,withMaxIterations
org/apache/commons/math3/optimization,org/apache/commons/math3/optimization/BaseMultivariateMultiStartOptimizer,getConvergenceChecker
org/apache/commons/math3/optimization,org/apache/commons/math3/optimization/BaseMultivariateVectorMultiStartOptimizer,getConvergenceChecker
org/apache/commons/math3/stat/ranking,org/apache/commons/math3/stat/ranking/NaturalRanking,getTiesStrategy
org/apache/commons/math3/stat/descriptive/summary,org/apache/commons/math3/stat/descriptive/summary/Sum,evaluate
org/apache/commons/math3/ml/neuralnet/twod,org/apache/commons/math3/ml/neuralnet/twod/NeuronSquareMesh2D,copy
org/apache/commons/math3/ml/neuralnet/twod,org/apache/commons/math3/ml/neuralnet/twod/NeuronSquareMesh2D,readObject
org/apache/commons/math3/analysis/polynomials,org/apache/commons/math3/analysis/polynomials/PolynomialFunction,value
org/apache/commons/math3/analysis/polynomials,org/apache/commons/math3/analysis/polynomials/PolynomialFunction,negate
org/apache/commons/math3/analysis/polynomials,org/apache/commons/math3/analysis/polynomials/PolynomialFunction,hashCode
org/apache/commons/math3/analysis/polynomials,org/apache/commons/math3/analysis/polynomials/PolynomialSplineFunction,value
org/apache/commons/math3/analysis/polynomials,org/apache/commons/math3/analysis/polynomials/PolynomialFunctionLagrangeForm,getInterpolatingPoints
org/apache/commons/math3/analysis/polynomials,org/apache/commons/math3/analysis/polynomials/PolynomialFunctionLagrangeForm,getInterpolatingValues
org/apache/commons/math3/analysis/polynomials,org/apache/commons/math3/analysis/polynomials/PolynomialFunctionLagrangeForm,evaluate
org/apache/commons/math3/analysis/polynomials,org/apache/commons/math3/analysis/polynomials/PolynomialFunctionNewtonForm,getNewtonCoefficients
org/apache/commons/math3/analysis/polynomials,org/apache/commons/math3/analysis/polynomials/PolynomialFunctionNewtonForm,getCenters
org/apache/commons/math3/fraction,org/apache/commons/math3/fraction/BigFractionFormat,getAvailableLocales
org/apache/commons/math3/fraction,org/apache/commons/math3/fraction/BigFractionFormat,formatBigFraction
org/apache/commons/math3/fraction,org/apache/commons/math3/fraction/BigFractionFormat,getImproperInstance
org/apache/commons/math3/fraction,org/apache/commons/math3/fraction/BigFractionFormat,getProperInstance
org/apache/commons/math3/fraction,org/apache/commons/math3/fraction/FractionFormat,getAvailableLocales
org/apache/commons/math3/fraction,org/apache/commons/math3/fraction/FractionFormat,formatFraction
org/apache/commons/math3/fraction,org/apache/commons/math3/fraction/FractionFormat,getImproperInstance
org/apache/commons/math3/fraction,org/apache/commons/math3/fraction/FractionFormat,getProperInstance
org/apache/commons/math3/fraction,org/apache/commons/math3/fraction/FractionFormat,getDefaultNumberFormat
org/apache/commons/math3/fraction,org/apache/commons/math3/fraction/BigFraction,pow
org/apache/commons/math3/fraction,org/apache/commons/math3/fraction/BigFraction,subtract
org/apache/commons/math3/fraction,org/apache/commons/math3/fraction/BigFraction,toString
org/apache/commons/math3/fraction,org/apache/commons/math3/fraction/AbstractFormat,getDefaultNumberFormat
org/apache/commons/math3/ml/neuralnet/sofm,org/apache/commons/math3/ml/neuralnet/sofm/KohonenUpdateAction,getNumberOfCalls
org/apache/commons/math3/genetics,org/apache/commons/math3/genetics/FixedGenerationCount,getNumGenerations
org/apache/commons/math3/genetics,org/apache/commons/math3/genetics/GeneticAlgorithm,setRandomGenerator
org/apache/commons/math3/genetics,org/apache/commons/math3/genetics/RandomKey,toString
org/apache/commons/math3/genetics,org/apache/commons/math3/genetics/Chromosome,isSame
org/apache/commons/math3/genetics,org/apache/commons/math3/genetics/ListPopulation,setChromosomes
org/apache/commons/math3/genetics,org/apache/commons/math3/genetics/NPointCrossover,getCrossoverPoints
org/apache/commons/math3/genetics,org/apache/commons/math3/genetics/UniformCrossover,getRatio
org/apache/commons/math3/genetics,org/apache/commons/math3/genetics/TournamentSelection$1,nextGeneration
org/apache/commons/math3/genetics,org/apache/commons/math3/genetics/CycleCrossover,isRandomStart
org/apache/commons/math3/genetics,org/apache/commons/math3/genetics/ChromosomePair,toString
org/apache/commons/math3/genetics,org/apache/commons/math3/genetics/TournamentSelection,getArity
org/apache/commons/math3/genetics,org/apache/commons/math3/genetics/TournamentSelection,setArity
org/apache/commons/math3/stat,org/apache/commons/math3/stat/Frequency,hashCode
org/apache/commons/math3/stat,org/apache/commons/math3/stat/StatUtils,populationVariance
org/apache/commons/math3/stat,org/apache/commons/math3/stat/StatUtils,populationVariance
org/apache/commons/math3/stat,org/apache/commons/math3/stat/StatUtils,mode
org/apache/commons/math3/stat/interval,org/apache/commons/math3/stat/interval/ConfidenceInterval,toString
org/apache/commons/math3/ml/neuralnet,org/apache/commons/math3/ml/neuralnet/MapUtils,findBestAndSecondBest
org/apache/commons/math3/ml/neuralnet,org/apache/commons/math3/ml/neuralnet/MapUtils,computeU
org/apache/commons/math3/ml/neuralnet,org/apache/commons/math3/ml/neuralnet/MapUtils,computeHitHistogram
org/apache/commons/math3/ml/neuralnet,org/apache/commons/math3/ml/neuralnet/MapUtils,computeQuantizationError
org/apache/commons/math3/ml/neuralnet,org/apache/commons/math3/ml/neuralnet/MapUtils,computeTopographicError
org/apache/commons/math3/ml/neuralnet,org/apache/commons/math3/ml/neuralnet/FeatureInitializerFactory,uniform
org/apache/commons/math3/ml/neuralnet,org/apache/commons/math3/ml/neuralnet/Neuron,readObject
org/apache/commons/math3/ml/neuralnet,org/apache/commons/math3/ml/neuralnet/Network,getNeighbours
org/apache/commons/math3/ml/neuralnet,org/apache/commons/math3/ml/neuralnet/Network,readObject
org/apache/commons/math3/geometry/euclidean/threed,org/apache/commons/math3/geometry/euclidean/threed/Line,getOrigin
org/apache/commons/math3/geometry/euclidean/threed,org/apache/commons/math3/geometry/euclidean/threed/Line,toSubSpace
org/apache/commons/math3/geometry/euclidean/threed,org/apache/commons/math3/geometry/euclidean/threed/Line,toSpace
org/apache/commons/math3/geometry/euclidean/threed,org/apache/commons/math3/geometry/euclidean/threed/Plane,reset
org/apache/commons/math3/geometry/euclidean/threed,org/apache/commons/math3/geometry/euclidean/threed/Plane,reset
org/apache/commons/math3/geometry/euclidean/threed,org/apache/commons/math3/geometry/euclidean/threed/Plane,project
org/apache/commons/math3/geometry/euclidean/threed,org/apache/commons/math3/geometry/euclidean/threed/Plane,revertSelf
org/apache/commons/math3/geometry/euclidean/threed,org/apache/commons/math3/geometry/euclidean/threed/Plane,getPointAt
org/apache/commons/math3/geometry/euclidean/threed,org/apache/commons/math3/geometry/euclidean/threed/OutlineExtractor$BoundaryProjector,visitOrder
org/apache/commons/math3/geometry/euclidean/threed,org/apache/commons/math3/geometry/euclidean/threed/OutlineExtractor$BoundaryProjector,visitInternalNode
org/apache/commons/math3/geometry/euclidean/threed,org/apache/commons/math3/geometry/euclidean/threed/OutlineExtractor$BoundaryProjector,visitLeafNode
org/apache/commons/math3/geometry/euclidean/threed,org/apache/commons/math3/geometry/euclidean/threed/OutlineExtractor$BoundaryProjector,addContribution
org/apache/commons/math3/geometry/euclidean/threed,org/apache/commons/math3/geometry/euclidean/threed/OutlineExtractor$BoundaryProjector,getProjected
org/apache/commons/math3/geometry/euclidean/threed,org/apache/commons/math3/geometry/euclidean/threed/OutlineExtractor,getOutline
org/apache/commons/math3/geometry/euclidean/threed,org/apache/commons/math3/geometry/euclidean/threed/OutlineExtractor,pointIsBetween
org/apache/commons/math3/primes,org/apache/commons/math3/primes/PollardRho,primeFactors
org/apache/commons/math3/primes,org/apache/commons/math3/primes/PollardRho,rhoBrent
org/apache/commons/math3/primes,org/apache/commons/math3/primes/PollardRho,gcdPositive
org/apache/commons/math3/geometry/partitioning/utilities,org/apache/commons/math3/geometry/partitioning/utilities/OrderedTuple,encode
org/apache/commons/math3/geometry/partitioning/utilities,org/apache/commons/math3/geometry/partitioning/utilities/OrderedTuple,compareTo
org/apache/commons/math3/geometry/partitioning/utilities,org/apache/commons/math3/geometry/partitioning/utilities/OrderedTuple,equals
org/apache/commons/math3/geometry/partitioning/utilities,org/apache/commons/math3/geometry/partitioning/utilities/OrderedTuple,hashCode
org/apache/commons/math3/geometry/partitioning/utilities,org/apache/commons/math3/geometry/partitioning/utilities/OrderedTuple,getComponents
org/apache/commons/math3/geometry/partitioning/utilities,org/apache/commons/math3/geometry/partitioning/utilities/OrderedTuple,sign
org/apache/commons/math3/geometry/partitioning/utilities,org/apache/commons/math3/geometry/partitioning/utilities/OrderedTuple,exponent
org/apache/commons/math3/geometry/partitioning/utilities,org/apache/commons/math3/geometry/partitioning/utilities/OrderedTuple,mantissa
org/apache/commons/math3/geometry/partitioning/utilities,org/apache/commons/math3/geometry/partitioning/utilities/OrderedTuple,computeMSB
org/apache/commons/math3/geometry/partitioning/utilities,org/apache/commons/math3/geometry/partitioning/utilities/OrderedTuple,computeLSB
org/apache/commons/math3/geometry/partitioning/utilities,org/apache/commons/math3/geometry/partitioning/utilities/OrderedTuple,getBit
org/apache/commons/math3/geometry/partitioning/utilities,org/apache/commons/math3/geometry/partitioning/utilities/AVLTree,isEmpty
org/apache/commons/math3/exception,org/apache/commons/math3/exception/MathArithmeticException,getLocalizedMessage
org/apache/commons/math3/exception,org/apache/commons/math3/exception/MathRuntimeException,getContext
org/apache/commons/math3/exception,org/apache/commons/math3/exception/MathRuntimeException,getMessage
org/apache/commons/math3/exception,org/apache/commons/math3/exception/MathRuntimeException,getLocalizedMessage
org/apache/commons/math3/exception,org/apache/commons/math3/exception/MathUnsupportedOperationException,getContext
org/apache/commons/math3/exception,org/apache/commons/math3/exception/MathUnsupportedOperationException,getMessage
org/apache/commons/math3/exception,org/apache/commons/math3/exception/MathUnsupportedOperationException,getLocalizedMessage
org/apache/commons/math3/exception,org/apache/commons/math3/exception/MultiDimensionMismatchException,getWrongDimensions
org/apache/commons/math3/exception,org/apache/commons/math3/exception/MultiDimensionMismatchException,getExpectedDimensions
org/apache/commons/math3/exception,org/apache/commons/math3/exception/MathIllegalArgumentException,getLocalizedMessage
org/apache/commons/math3/exception,org/apache/commons/math3/exception/MathIllegalStateException,getMessage
org/apache/commons/math3/exception,org/apache/commons/math3/exception/NoBracketingException,getLo
org/apache/commons/math3/exception,org/apache/commons/math3/exception/NoBracketingException,getHi
org/apache/commons/math3/exception,org/apache/commons/math3/exception/NoBracketingException,getFLo
org/apache/commons/math3/exception,org/apache/commons/math3/exception/NoBracketingException,getFHi
org/apache/commons/math3/distribution/fitting,org/apache/commons/math3/distribution/fitting/MultivariateNormalMixtureExpectationMaximization$DataRow,equals
org/apache/commons/math3/distribution/fitting,org/apache/commons/math3/distribution/fitting/MultivariateNormalMixtureExpectationMaximization$DataRow,hashCode
org/apache/commons/math3/geometry/spherical/twod,org/apache/commons/math3/geometry/spherical/twod/Sphere2D,readResolve
org/apache/commons/math3/geometry/spherical/twod,org/apache/commons/math3/geometry/spherical/twod/Circle,wholeSpace
org/apache/commons/math3/complex,org/apache/commons/math3/complex/Quaternion,hashCode
org/apache/commons/math3/complex,org/apache/commons/math3/complex/ComplexFormat,getAvailableLocales
org/apache/commons/math3/complex,org/apache/commons/math3/complex/ComplexFormat,format
org/apache/commons/math3/complex,org/apache/commons/math3/complex/ComplexFormat,getInstance
org/apache/commons/math3/complex,org/apache/commons/math3/complex/ComplexField,getRuntimeClass
org/apache/commons/math3/complex,org/apache/commons/math3/complex/Complex,valueOf
org/apache/commons/math3/complex,org/apache/commons/math3/complex/Complex,getField
org/apache/commons/math3/complex,org/apache/commons/math3/complex/Complex,toString
org/apache/commons/math3/random,org/apache/commons/math3/random/RandomGeneratorFactory,convertToLong
org/apache/commons/math3/random,org/apache/commons/math3/random/CorrelatedRandomVectorGenerator,getGenerator
org/apache/commons/math3/random,org/apache/commons/math3/random/BitsStreamGenerator,nextLong
org/apache/commons/math3/random,org/apache/commons/math3/random/BitsStreamGenerator,nextBytes
org/apache/commons/math3/random,org/apache/commons/math3/random/AbstractRandomGenerator,setSeed
org/apache/commons/math3/random,org/apache/commons/math3/random/RandomDataGenerator,nextLong
org/apache/commons/math3/random,org/apache/commons/math3/random/RandomDataGenerator,setSecureAlgorithm
org/apache/commons/math3/random,org/apache/commons/math3/random/SynchronizedRandomGenerator,setSeed
org/apache/commons/math3/random,org/apache/commons/math3/random/SynchronizedRandomGenerator,setSeed
org/apache/commons/math3/random,org/apache/commons/math3/random/SynchronizedRandomGenerator,setSeed
org/apache/commons/math3/random,org/apache/commons/math3/random/JDKRandomGenerator,setSeed
org/apache/commons/math3/random,org/apache/commons/math3/random/RandomAdaptor,setSeed
org/apache/commons/math3/random,org/apache/commons/math3/random/RandomAdaptor,setSeed
org/apache/commons/math3/random,org/apache/commons/math3/random/RandomDataImpl,getDelegate
org/apache/commons/math3/random,org/apache/commons/math3/random/RandomDataImpl,nextHexString
org/apache/commons/math3/random,org/apache/commons/math3/random/RandomDataImpl,nextInt
org/apache/commons/math3/random,org/apache/commons/math3/random/RandomDataImpl,nextLong
org/apache/commons/math3/random,org/apache/commons/math3/random/RandomDataImpl,nextSecureHexString
org/apache/commons/math3/random,org/apache/commons/math3/random/RandomDataImpl,nextSecureInt
org/apache/commons/math3/random,org/apache/commons/math3/random/RandomDataImpl,nextSecureLong
org/apache/commons/math3/random,org/apache/commons/math3/random/RandomDataImpl,nextPoisson
org/apache/commons/math3/random,org/apache/commons/math3/random/RandomDataImpl,nextGaussian
org/apache/commons/math3/random,org/apache/commons/math3/random/RandomDataImpl,nextExponential
org/apache/commons/math3/random,org/apache/commons/math3/random/RandomDataImpl,nextUniform
org/apache/commons/math3/random,org/apache/commons/math3/random/RandomDataImpl,nextUniform
org/apache/commons/math3/random,org/apache/commons/math3/random/RandomDataImpl,nextBeta
org/apache/commons/math3/random,org/apache/commons/math3/random/RandomDataImpl,nextBinomial
org/apache/commons/math3/random,org/apache/commons/math3/random/RandomDataImpl,nextCauchy
org/apache/commons/math3/random,org/apache/commons/math3/random/RandomDataImpl,nextChiSquare
org/apache/commons/math3/random,org/apache/commons/math3/random/RandomDataImpl,nextF
org/apache/commons/math3/random,org/apache/commons/math3/random/RandomDataImpl,nextGamma
org/apache/commons/math3/random,org/apache/commons/math3/random/RandomDataImpl,nextHypergeometric
org/apache/commons/math3/random,org/apache/commons/math3/random/RandomDataImpl,nextPascal
org/apache/commons/math3/random,org/apache/commons/math3/random/RandomDataImpl,nextT
org/apache/commons/math3/random,org/apache/commons/math3/random/RandomDataImpl,nextWeibull
org/apache/commons/math3/random,org/apache/commons/math3/random/RandomDataImpl,nextZipf
org/apache/commons/math3/random,org/apache/commons/math3/random/RandomDataImpl,reSeedSecure
org/apache/commons/math3/random,org/apache/commons/math3/random/RandomDataImpl,reSeedSecure
org/apache/commons/math3/random,org/apache/commons/math3/random/RandomDataImpl,reSeed
org/apache/commons/math3/random,org/apache/commons/math3/random/RandomDataImpl,setSecureAlgorithm
org/apache/commons/math3/random,org/apache/commons/math3/random/RandomDataImpl,nextPermutation
org/apache/commons/math3/random,org/apache/commons/math3/random/RandomDataImpl,nextSample
org/apache/commons/math3/random,org/apache/commons/math3/random/RandomDataImpl,nextInversionDeviate
org/apache/commons/math3/random,org/apache/commons/math3/random/RandomDataImpl,nextInversionDeviate
org/apache/commons/math3/random,org/apache/commons/math3/random/RandomGeneratorFactory$1,setSeed
org/apache/commons/math3/random,org/apache/commons/math3/random/EmpiricalDistribution,probability
org/apache/commons/math3/random,org/apache/commons/math3/random/EmpiricalDistribution,getNumericalMean
org/apache/commons/math3/random,org/apache/commons/math3/random/EmpiricalDistribution,getNumericalVariance
org/apache/commons/math3/random,org/apache/commons/math3/random/EmpiricalDistribution,isSupportConnected
org/apache/commons/math3/analysis,org/apache/commons/math3/analysis/FunctionUtils$17,value
org/apache/commons/math3/analysis,org/apache/commons/math3/analysis/FunctionUtils$16,partialDerivative
org/apache/commons/math3/analysis,org/apache/commons/math3/analysis/FunctionUtils$5,value
org/apache/commons/math3/analysis,org/apache/commons/math3/analysis/FunctionUtils$6,value
org/apache/commons/math3/analysis,org/apache/commons/math3/analysis/FunctionUtils$6,derivative
org/apache/commons/math3/analysis,org/apache/commons/math3/analysis/FunctionUtils$9,value
org/apache/commons/math3/analysis,org/apache/commons/math3/analysis/FunctionUtils$9,derivative
org/apache/commons/math3/analysis,org/apache/commons/math3/analysis/FunctionUtils$15,value
org/apache/commons/math3/analysis,org/apache/commons/math3/analysis/FunctionUtils$2,value
org/apache/commons/math3/analysis,org/apache/commons/math3/analysis/FunctionUtils,compose
org/apache/commons/math3/analysis,org/apache/commons/math3/analysis/FunctionUtils,add
org/apache/commons/math3/analysis,org/apache/commons/math3/analysis/FunctionUtils,multiply
org/apache/commons/math3/analysis,org/apache/commons/math3/analysis/FunctionUtils$8,value
org/apache/commons/math3/analysis,org/apache/commons/math3/analysis/FunctionUtils$3,value
org/apache/commons/math3/analysis,org/apache/commons/math3/analysis/FunctionUtils$3,derivative
org/apache/commons/math3/geometry/spherical/oned,org/apache/commons/math3/geometry/spherical/oned/LimitAngle,project
org/apache/commons/math3/geometry/spherical/oned,org/apache/commons/math3/geometry/spherical/oned/ArcsSet,side
org/apache/commons/math3/geometry/spherical/oned,org/apache/commons/math3/geometry/spherical/oned/Arc,getTolerance
org/apache/commons/math3/geometry/partitioning,org/apache/commons/math3/geometry/partitioning/RegionFactory$VanishingToLeaf,fixNode
org/apache/commons/math3/geometry/partitioning,org/apache/commons/math3/geometry/partitioning/AbstractRegion,checkPoint
org/apache/commons/math3/geometry/partitioning,org/apache/commons/math3/geometry/partitioning/AbstractRegion,setBarycenter
org/apache/commons/math3/geometry/partitioning,org/apache/commons/math3/geometry/partitioning/AbstractRegion,side
org/apache/commons/math3/geometry/partitioning,org/apache/commons/math3/geometry/partitioning/BSPTree,getCell
org/apache/commons/math3/geometry/partitioning,org/apache/commons/math3/geometry/partitioning/BSPTree,insertInTree
org/apache/commons/math3/geometry/partitioning,org/apache/commons/math3/geometry/partitioning/BSPTree$1,fixNode
org/apache/commons/math3/geometry/partitioning,org/apache/commons/math3/geometry/partitioning/InsideFinder,recurseSides
org/apache/commons/math3/geometry/partitioning,org/apache/commons/math3/geometry/partitioning/InsideFinder,plusFound
org/apache/commons/math3/geometry/partitioning,org/apache/commons/math3/geometry/partitioning/InsideFinder,minusFound
org/apache/commons/math3/geometry/partitioning,org/apache/commons/math3/geometry/partitioning/AbstractSubHyperplane,side
org/apache/commons/math3/ode/sampling,org/apache/commons/math3/ode/sampling/DummyStepHandler,getInstance
org/apache/commons/math3/ode/sampling,org/apache/commons/math3/ode/sampling/DummyStepHandler,init
org/apache/commons/math3/ode/sampling,org/apache/commons/math3/ode/sampling/DummyStepHandler,handleStep
org/apache/commons/math3/ode/sampling,org/apache/commons/math3/ode/sampling/DummyStepHandler,readResolve
org/apache/commons/math3/ode/sampling,org/apache/commons/math3/ode/sampling/DummyStepHandler$LazyHolder,<clinit>
org/apache/commons/math3/ode/sampling,org/apache/commons/math3/ode/sampling/FieldStepNormalizer,init
org/apache/commons/math3/ode/sampling,org/apache/commons/math3/ode/sampling/FieldStepNormalizer,handleStep
org/apache/commons/math3/ode/sampling,org/apache/commons/math3/ode/sampling/FieldStepNormalizer,isNextInStep
org/apache/commons/math3/ode/sampling,org/apache/commons/math3/ode/sampling/FieldStepNormalizer,doNormalizedStep
org/apache/commons/math3/ode/sampling,org/apache/commons/math3/ode/sampling/AbstractStepInterpolator,getInterpolatedSecondaryDerivatives
org/apache/commons/math3/ode/sampling,org/apache/commons/math3/ode/sampling/NordsieckStepInterpolator,getInterpolatedStateVariation
org/apache/commons/math3/geometry/euclidean/twod,org/apache/commons/math3/geometry/euclidean/twod/Vector2DFormat,getInstance
org/apache/commons/math3/geometry/euclidean/twod,org/apache/commons/math3/geometry/euclidean/twod/NestedLoops,add
org/apache/commons/math3/geometry/euclidean/twod,org/apache/commons/math3/geometry/euclidean/twod/NestedLoops,add
org/apache/commons/math3/geometry/euclidean/twod,org/apache/commons/math3/geometry/euclidean/twod/NestedLoops,correctOrientation
org/apache/commons/math3/geometry/euclidean/twod,org/apache/commons/math3/geometry/euclidean/twod/NestedLoops,setClockWise
org/apache/commons/math3/geometry/euclidean/twod,org/apache/commons/math3/geometry/euclidean/twod/Vector2D,toArray
org/apache/commons/math3/geometry/euclidean/twod,org/apache/commons/math3/geometry/euclidean/twod/Vector2D,getZero
org/apache/commons/math3/geometry/euclidean/twod,org/apache/commons/math3/geometry/euclidean/twod/Vector2D,getNorm1
org/apache/commons/math3/geometry/euclidean/twod,org/apache/commons/math3/geometry/euclidean/twod/Vector2D,getNormSq
org/apache/commons/math3/geometry/euclidean/twod,org/apache/commons/math3/geometry/euclidean/twod/Vector2D,getNormInf
org/apache/commons/math3/geometry/euclidean/twod,org/apache/commons/math3/geometry/euclidean/twod/Vector2D,add
org/apache/commons/math3/geometry/euclidean/twod,org/apache/commons/math3/geometry/euclidean/twod/Vector2D,add
org/apache/commons/math3/geometry/euclidean/twod,org/apache/commons/math3/geometry/euclidean/twod/Vector2D,subtract
org/apache/commons/math3/geometry/euclidean/twod,org/apache/commons/math3/geometry/euclidean/twod/Vector2D,normalize
org/apache/commons/math3/geometry/euclidean/twod,org/apache/commons/math3/geometry/euclidean/twod/Vector2D,negate
org/apache/commons/math3/geometry/euclidean/twod,org/apache/commons/math3/geometry/euclidean/twod/Vector2D,scalarMultiply
org/apache/commons/math3/geometry/euclidean/twod,org/apache/commons/math3/geometry/euclidean/twod/Vector2D,isInfinite
org/apache/commons/math3/geometry/euclidean/twod,org/apache/commons/math3/geometry/euclidean/twod/Vector2D,distance1
org/apache/commons/math3/geometry/euclidean/twod,org/apache/commons/math3/geometry/euclidean/twod/Vector2D,distanceInf
org/apache/commons/math3/geometry/euclidean/twod,org/apache/commons/math3/geometry/euclidean/twod/Vector2D,distanceSq
org/apache/commons/math3/geometry/euclidean/twod,org/apache/commons/math3/geometry/euclidean/twod/Vector2D,distanceInf
org/apache/commons/math3/geometry/euclidean/twod,org/apache/commons/math3/geometry/euclidean/twod/Vector2D,distanceSq
org/apache/commons/math3/geometry/euclidean/twod,org/apache/commons/math3/geometry/euclidean/twod/Vector2D,hashCode
org/apache/commons/math3/geometry/euclidean/twod,org/apache/commons/math3/geometry/euclidean/twod/Vector2D,toString
org/apache/commons/math3/geometry/euclidean/twod,org/apache/commons/math3/geometry/euclidean/twod/Vector2D,toString
org/apache/commons/math3/geometry/euclidean/twod,org/apache/commons/math3/geometry/euclidean/twod/Line,revertSelf
org/apache/commons/math3/geometry/euclidean/twod,org/apache/commons/math3/geometry/euclidean/twod/Line,translateToPoint
org/apache/commons/math3/geometry/euclidean/twod,org/apache/commons/math3/geometry/euclidean/twod/Line,setAngle
org/apache/commons/math3/geometry/euclidean/twod,org/apache/commons/math3/geometry/euclidean/twod/Line,setOriginOffset
org/apache/commons/math3/geometry/euclidean/twod,org/apache/commons/math3/geometry/euclidean/twod/Line,getTransform
org/apache/commons/math3/stat/descriptive,org/apache/commons/math3/stat/descriptive/SynchronizedDescriptiveStatistics,getQuadraticMean
org/apache/commons/math3/stat/descriptive,org/apache/commons/math3/stat/descriptive/AggregateSummaryStatistics,getStandardDeviation
org/apache/commons/math3/stat/descriptive,org/apache/commons/math3/stat/descriptive/AggregateSummaryStatistics,getSumOfLogs
org/apache/commons/math3/stat/descriptive,org/apache/commons/math3/stat/descriptive/AggregateSummaryStatistics,getGeometricMean
org/apache/commons/math3/stat/descriptive,org/apache/commons/math3/stat/descriptive/AggregateSummaryStatistics,getSumsq
org/apache/commons/math3/stat/descriptive,org/apache/commons/math3/stat/descriptive/AggregateSummaryStatistics,getSecondMoment
org/apache/commons/math3/stat/descriptive,org/apache/commons/math3/stat/descriptive/AggregateSummaryStatistics$AggregatingSummaryStatistics,equals
org/apache/commons/math3/stat/descriptive,org/apache/commons/math3/stat/descriptive/AggregateSummaryStatistics$AggregatingSummaryStatistics,hashCode
org/apache/commons/math3/stat/descriptive,org/apache/commons/math3/stat/descriptive/SynchronizedSummaryStatistics,getSumsqImpl
org/apache/commons/math3/stat/descriptive,org/apache/commons/math3/stat/descriptive/SynchronizedSummaryStatistics,setSumsqImpl
org/apache/commons/math3/stat/descriptive,org/apache/commons/math3/stat/descriptive/SynchronizedSummaryStatistics,getMinImpl
org/apache/commons/math3/stat/descriptive,org/apache/commons/math3/stat/descriptive/SynchronizedSummaryStatistics,setMinImpl
org/apache/commons/math3/stat/descriptive,org/apache/commons/math3/stat/descriptive/SynchronizedSummaryStatistics,getMaxImpl
org/apache/commons/math3/stat/descriptive,org/apache/commons/math3/stat/descriptive/SynchronizedSummaryStatistics,setMaxImpl
org/apache/commons/math3/stat/descriptive,org/apache/commons/math3/stat/descriptive/SynchronizedSummaryStatistics,getSumLogImpl
org/apache/commons/math3/stat/descriptive,org/apache/commons/math3/stat/descriptive/SynchronizedSummaryStatistics,setGeoMeanImpl
org/apache/commons/math3/stat/descriptive,org/apache/commons/math3/stat/descriptive/SynchronizedSummaryStatistics,getMeanImpl
org/apache/commons/math3/stat/descriptive,org/apache/commons/math3/stat/descriptive/SynchronizedSummaryStatistics,setVarianceImpl
org/apache/commons/math3/stat/descriptive,org/apache/commons/math3/stat/descriptive/SynchronizedSummaryStatistics,copy
org/apache/commons/math3/stat/descriptive,org/apache/commons/math3/stat/descriptive/SynchronizedSummaryStatistics,copy
org/apache/commons/math3/stat/descriptive,org/apache/commons/math3/stat/descriptive/AbstractUnivariateStatistic,getData
org/apache/commons/math3/stat/descriptive,org/apache/commons/math3/stat/descriptive/AbstractUnivariateStatistic,setData
org/apache/commons/math3/stat/descriptive,org/apache/commons/math3/stat/descriptive/SummaryStatistics,getSumsqImpl
org/apache/commons/math3/stat/descriptive,org/apache/commons/math3/stat/descriptive/SummaryStatistics,setSumsqImpl
org/apache/commons/math3/stat/descriptive,org/apache/commons/math3/stat/descriptive/SummaryStatistics,getMinImpl
org/apache/commons/math3/stat/descriptive,org/apache/commons/math3/stat/descriptive/SummaryStatistics,setMinImpl
org/apache/commons/math3/stat/descriptive,org/apache/commons/math3/stat/descriptive/SummaryStatistics,getMaxImpl
org/apache/commons/math3/stat/descriptive,org/apache/commons/math3/stat/descriptive/SummaryStatistics,setMaxImpl
org/apache/commons/math3/stat/descriptive,org/apache/commons/math3/stat/descriptive/SummaryStatistics,getSumLogImpl
org/apache/commons/math3/stat/descriptive,org/apache/commons/math3/stat/descriptive/SummaryStatistics,getMeanImpl
org/apache/commons/math3/stat/descriptive,org/apache/commons/math3/stat/descriptive/SummaryStatistics,copy
org/apache/commons/math3/stat/descriptive,org/apache/commons/math3/stat/descriptive/DescriptiveStatistics,getPercentileImpl
org/apache/commons/math3/optim/nonlinear/scalar/noderiv,org/apache/commons/math3/optim/nonlinear/scalar/noderiv/CMAESOptimizer$FitnessFunction,isFeasible
org/apache/commons/math3/optim/nonlinear/scalar/noderiv,org/apache/commons/math3/optim/nonlinear/scalar/noderiv/CMAESOptimizer$DoubleIndex,equals
org/apache/commons/math3/optim/nonlinear/scalar/noderiv,org/apache/commons/math3/optim/nonlinear/scalar/noderiv/CMAESOptimizer$DoubleIndex,hashCode
org/apache/commons/math3/optim/nonlinear/scalar/noderiv,org/apache/commons/math3/optim/nonlinear/scalar/noderiv/CMAESOptimizer,getStatisticsSigmaHistory
org/apache/commons/math3/optim/nonlinear/scalar/noderiv,org/apache/commons/math3/optim/nonlinear/scalar/noderiv/CMAESOptimizer,getStatisticsMeanHistory
org/apache/commons/math3/optim/nonlinear/scalar/noderiv,org/apache/commons/math3/optim/nonlinear/scalar/noderiv/CMAESOptimizer,getStatisticsFitnessHistory
org/apache/commons/math3/optim/nonlinear/scalar/noderiv,org/apache/commons/math3/optim/nonlinear/scalar/noderiv/CMAESOptimizer,getStatisticsDHistory
org/apache/commons/math3/optim/nonlinear/scalar/noderiv,org/apache/commons/math3/optim/nonlinear/scalar/noderiv/CMAESOptimizer,randn
org/apache/commons/math3/optim/nonlinear/scalar/noderiv,org/apache/commons/math3/optim/nonlinear/scalar/noderiv/BOBYQAOptimizer,caller
org/apache/commons/math3/optimization/general,org/apache/commons/math3/optimization/general/AbstractLeastSquaresOptimizer,updateJacobian
org/apache/commons/math3/optimization/general,org/apache/commons/math3/optimization/general/AbstractLeastSquaresOptimizer,updateResidualsAndCost
org/apache/commons/math3/optimization/general,org/apache/commons/math3/optimization/general/AbstractLeastSquaresOptimizer,getCovariances
org/apache/commons/math3/optimization/general,org/apache/commons/math3/optimization/general/AbstractLeastSquaresOptimizer,getCovariances
org/apache/commons/math3/optimization/general,org/apache/commons/math3/optimization/general/NonLinearConjugateGradientOptimizer,setInitialStep
org/apache/commons/math3/optimization/general,org/apache/commons/math3/optimization/general/AbstractDifferentiableOptimizer,computeObjectiveGradient
org/apache/commons/math3/optimization/general,org/apache/commons/math3/optimization/general/AbstractDifferentiableOptimizer,optimizeInternal
org/apache/commons/math3/optimization/general,org/apache/commons/math3/optimization/general/AbstractDifferentiableOptimizer,optimizeInternal
org/apache/commons/math3/optim,org/apache/commons/math3/optim/MaxEval,unlimited
org/apache/commons/math3/optim,org/apache/commons/math3/optim/BaseOptimizer,getMaxIterations
org/apache/commons/math3/optim,org/apache/commons/math3/optim/BaseOptimizer,optimize
org/apache/commons/math3/optim,org/apache/commons/math3/optim/MaxIter,unlimited
org/apache/commons/math3/analysis/solvers,org/apache/commons/math3/analysis/solvers/BaseAbstractUnivariateSolver,getMaxEvaluations
org/apache/commons/math3/analysis/solvers,org/apache/commons/math3/analysis/solvers/LaguerreSolver,solveComplex
org/apache/commons/math3/analysis/solvers,org/apache/commons/math3/analysis/solvers/UnivariateSolverUtils,bracket
org/apache/commons/math3/analysis/solvers,org/apache/commons/math3/analysis/solvers/FieldBracketingNthOrderBrentSolver,getMaxEvaluations
org/apache/commons/math3/analysis/solvers,org/apache/commons/math3/analysis/solvers/FieldBracketingNthOrderBrentSolver,getEvaluations
org/apache/commons/math3/analysis/solvers,org/apache/commons/math3/analysis/solvers/FieldBracketingNthOrderBrentSolver,getRelativeAccuracy
org/apache/commons/math3/optim/univariate,org/apache/commons/math3/optim/univariate/BracketFinder,getMaxEvaluations
org/apache/commons/math3/optim/univariate,org/apache/commons/math3/optim/univariate/BracketFinder,getEvaluations
org/apache/commons/math3/optim/univariate,org/apache/commons/math3/optim/univariate/BracketFinder,getFLo
org/apache/commons/math3/optim/univariate,org/apache/commons/math3/optim/univariate/BracketFinder,getFHi
org/apache/commons/math3/optim/univariate,org/apache/commons/math3/optim/univariate/BracketFinder,getFMid
org/apache/commons/math3/ode/events,org/apache/commons/math3/ode/events/EventFilter,resetState
org/apache/commons/math3/ode/events,org/apache/commons/math3/ode/events/EventState$LocalMaxCountExceededException,getException
org/apache/commons/math3/ode/events,org/apache/commons/math3/ode/events/FieldEventState,getMaxCheckInterval
org/apache/commons/math3/ode/events,org/apache/commons/math3/ode/events/FieldEventState,getConvergence
org/apache/commons/math3/ode/events,org/apache/commons/math3/ode/events/FieldEventState,getMaxIterationCount
org/apache/commons/math3/ode/events,org/apache/commons/math3/ode/events/EventState,getMaxCheckInterval
org/apache/commons/math3/ode/events,org/apache/commons/math3/ode/events/EventState,getConvergence
org/apache/commons/math3/ode/events,org/apache/commons/math3/ode/events/EventState,getMaxIterationCount
